<?xml version="1.0" encoding="UTF-8"?>
<!DOCTYPE generatorConfiguration
        PUBLIC "-//mybatis.org//DTD MyBatis Generator Configuration 1.0//EN"
        "http://mybatis.org/dtd/mybatis-generator-config_1_0.dtd">

<generatorConfiguration>
    <!--导入属性配置-->
    <properties resource="generator/datasource.properties"></properties>
    <!-- 指定数据库驱动的jdbc驱动jar包的位置 -->
    <classPathEntry
            location="/Users/Shangbo/Downloads/apache-maven-3.6.3/repository/mysql/mysql-connector-java/5.1.29/mysql-connector-java-5.1.29.jar"/>
    <!--本地的数据库连接驱动地址-->
    <context id="Mysql" >
        <!-- 注释 -->
        <commentGenerator>
            <property name="suppressAllComments" value="true"/><!-- 是否取消注释 -->
            <property name="suppressDate" value="true"/> <!-- 是否生成注释代时间戳 -->
        </commentGenerator>
        <!--jdbc的数据库连接-->
        <jdbcConnection driverClass="${driver}"
                        connectionURL="${url}"
                        userId="${username}"
                        password="${password}"/>

        <!-- 类型转换 -->
        <javaTypeResolver>
            <!-- 是否使用bigDecimal， false可自动转化以下类型（Long, Integer, Short, etc.） -->
            <property name="forceBigDecimals" value="false"/>
        </javaTypeResolver>

        <!--生成实体类（注意修改包路径）-->
        <javaModelGenerator targetPackage="${modelPackage}"
                            targetProject="${modelProject}"/>
        <!--生成mapper.xml-->
        <sqlMapGenerator targetPackage="${sqlPackage}" targetProject="${sqlProject}"/>
        <javaClientGenerator targetPackage="${mapperPackage}"
                             targetProject="${mapperProject}" type="XMLMAPPER"/>


        <!--数据库中的表名称和对应的实体类名称-->
        <table tableName="user" domainObjectName="User"></table>
        <table tableName="police" domainObjectName="Police"></table>
        <table tableName="admin" domainObjectName="Admin"></table>
        <table tableName="Waring_info" domainObjectName="WaringInfo"></table>
        <table tableName="waring_info_source" domainObjectName="WaringInfoSource"></table>
        <table tableName="waring_history" domainObjectName="WaringHistory"></table>
        <table tableName="read_history" domainObjectName="ReadHistory"></table>
    </context>
</generatorConfiguration>
