<?xml version="1.0" encoding="UTF-8"?>
<beans xmlns="http://www.springframework.org/schema/beans"
       xmlns:p="http://www.springframework.org/schema/p"
       xmlns:xsi="http://www.w3.org/2001/XMLSchema-instance"
       xmlns:context="http://www.springframework.org/schema/context"
       xmlns:mvc="http://www.springframework.org/schema/mvc"
       xsi:schemaLocation="
    http://www.springframework.org/schema/beans
    http://www.springframework.org/schema/beans/spring-beans-3.2.xsd
    http://www.springframework.org/schema/context
    http://www.springframework.org/schema/context/spring-context-3.2.xsd
    http://www.springframework.org/schema/mvc
    http://www.springframework.org/schema/mvc/spring-mvc-3.2.xsd">

    <!-- 扫描controller（controller层注入） -->
    <context:component-scan base-package="springmvc.controller" use-default-filters="false">
        <context:include-filter type="annotation" expression="org.springframework.stereotype.Controller"/>

    </context:component-scan>
    <mvc:annotation-driven/>

    <!-- 内容协商管理器  -->
    <!--1、首先检查路径扩展名（如my.pdf）；2、其次检查Parameter（如my?format=pdf）；3、检查Accept Header-->
    <bean id="contentNegotiationManager" class="org.springframework.web.accept.ContentNegotiationManagerFactoryBean">
        <!-- 扩展名至mimeType的映射,即 /user.json => application/json -->
        <property name="favorPathExtension" value="true"/>
        <!-- 用于开启 /userinfo/123?format=json 的支持 -->
        <property name="favorParameter" value="true"/>
        <property name="mediaTypes">
            <map>
                <entry key="html" value="application/json;charset=UTF-8"/>
            </map>
        </property>
        <property name="parameterName" value="format"/>
        <!-- 是否忽略Accept Header -->
        <property name="ignoreAcceptHeader" value="false"/>


    </bean>

    <!-- 当在web.xml 中   DispatcherServlet使用 <url-pattern>/</url-pattern> 映射时，能映射静态资源 -->
    <mvc:default-servlet-handler/>
    <mvc:annotation-driven>
        <mvc:message-converters register-defaults="true">
            <!--json转化器，它可以将结果转化-->
            <bean id="mappingJacksonHttpMessageConverter"
                  class="org.springframework.http.converter.json.MappingJackson2HttpMessageConverter">
                <property name="supportedMediaTypes">
                    <list>
                        <value>text/json;charset=UTF-8</value>
                    </list>
                </property>
            </bean>
        </mvc:message-converters>
    </mvc:annotation-driven>

    <!-- 静态资源映射 -->
    <mvc:resources mapping="/static/**" location="/static/"/>
    <mvc:resources mapping="/views/**" location="/WEB-INF/views/"/>
    <!-- 对模型视图添加前后缀 -->
    <!--    &lt;!&ndash; Thymeleaf模板解析器  &ndash;&gt;-->
    <bean id="viewResolver" class="org.thymeleaf.spring4.view.ThymeleafViewResolver">
        <property name="order" value="1"/>
        <property name="characterEncoding" value="UTF-8"/>
        <property name="templateEngine" ref="templateEngine"/>
    </bean>
    <!-- templateEngine  thymeleaf解析-->
    <bean id="templateEngine" class="org.thymeleaf.spring4.SpringTemplateEngine">
        <property name="templateResolver" ref="templateResolver"/>
    </bean>
    <bean id="templateResolver" class="org.thymeleaf.spring4.templateresolver.SpringResourceTemplateResolver">
        <property name="prefix" value="/WEB-INF/views/"/>
        <property name="suffix" value=".html"/>
        <property name="templateMode" value="HTML5"/>
    </bean>

    <mvc:view-controller path="/" view-name="index"></mvc:view-controller>
    <!--  poi设置 -->
    <bean id="multipartResolver"
          class="org.springframework.web.multipart.commons.CommonsMultipartResolver">
        <property name="defaultEncoding" value="utf-8"></property>
        <property name="maxUploadSize" value="10485760000"></property>
        <property name="maxInMemorySize" value="4096"></property>
    </bean>


</beans>