<?xml version="1.0" encoding="UTF-8" ?>
<!DOCTYPE mapper PUBLIC "-//mybatis.org//DTD Mapper 3.0//EN" "http://mybatis.org/dtd/mybatis-3-mapper.dtd" >
<mapper namespace="springmvc.dao.AdminMapper">
    <resultMap id="BaseResultMap" type="springmvc.entity.Admin">
        <id column="admin_id" property="adminId" jdbcType="INTEGER"/>
        <result column="password" property="password" jdbcType="VARCHAR"/>
        <result column="name" property="name" jdbcType="VARCHAR"/>
        <result column="role" property="role" jdbcType="VARCHAR"/>
        <result column="tel" property="tel" jdbcType="VARCHAR"/>
    </resultMap>
    <sql id="Example_Where_Clause">
        <where>
            <foreach collection="oredCriteria" item="criteria" separator="or">
                <if test="criteria.valid">
                    <trim prefix="(" suffix=")" prefixOverrides="and">
                        <foreach collection="criteria.criteria" item="criterion">
                            <choose>
                                <when test="criterion.noValue">
                                    and ${criterion.condition}
                                </when>
                                <when test="criterion.singleValue">
                                    and ${criterion.condition} #{criterion.value}
                                </when>
                                <when test="criterion.betweenValue">
                                    and ${criterion.condition} #{criterion.value} and #{criterion.secondValue}
                                </when>
                                <when test="criterion.listValue">
                                    and ${criterion.condition}
                                    <foreach collection="criterion.value" item="listItem" open="(" close=")"
                                             separator=",">
                                        #{listItem}
                                    </foreach>
                                </when>
                            </choose>
                        </foreach>
                    </trim>
                </if>
            </foreach>
        </where>
    </sql>
    <sql id="Update_By_Example_Where_Clause">
        <where>
            <foreach collection="example.oredCriteria" item="criteria" separator="or">
                <if test="criteria.valid">
                    <trim prefix="(" suffix=")" prefixOverrides="and">
                        <foreach collection="criteria.criteria" item="criterion">
                            <choose>
                                <when test="criterion.noValue">
                                    and ${criterion.condition}
                                </when>
                                <when test="criterion.singleValue">
                                    and ${criterion.condition} #{criterion.value}
                                </when>
                                <when test="criterion.betweenValue">
                                    and ${criterion.condition} #{criterion.value} and #{criterion.secondValue}
                                </when>
                                <when test="criterion.listValue">
                                    and ${criterion.condition}
                                    <foreach collection="criterion.value" item="listItem" open="(" close=")"
                                             separator=",">
                                        #{listItem}
                                    </foreach>
                                </when>
                            </choose>
                        </foreach>
                    </trim>
                </if>
            </foreach>
        </where>
    </sql>
    <sql id="Base_Column_List">
    admin_id, password, name, role, tel
  </sql>
    <select id="selectByExample" resultMap="BaseResultMap" parameterType="springmvc.entity.AdminExample">
        select
        <if test="distinct">
            distinct
        </if>
        <include refid="Base_Column_List"/>
        from admin
        <if test="_parameter != null">
            <include refid="Example_Where_Clause"/>
        </if>
        <if test="orderByClause != null">
            order by ${orderByClause}
        </if>
    </select>
    <select id="selectByPrimaryKey" resultMap="BaseResultMap" parameterType="java.lang.Integer">
        select
        <include refid="Base_Column_List"/>
        from admin
        where admin_id = #{adminId,jdbcType=INTEGER}
    </select>
    <delete id="deleteByPrimaryKey" parameterType="java.lang.Integer">
    delete from admin
    where admin_id = #{adminId,jdbcType=INTEGER}
  </delete>
    <delete id="deleteByExample" parameterType="springmvc.entity.AdminExample">
        delete from admin
        <if test="_parameter != null">
            <include refid="Example_Where_Clause"/>
        </if>
    </delete>
    <insert id="insert" parameterType="springmvc.entity.Admin">
    insert into admin (admin_id, password, name, 
      role, tel)
    values (#{adminId,jdbcType=INTEGER}, #{password,jdbcType=VARCHAR}, #{name,jdbcType=VARCHAR}, 
      #{role,jdbcType=VARCHAR}, #{tel,jdbcType=VARCHAR})
  </insert>
    <insert id="insertSelective" parameterType="springmvc.entity.Admin">
        insert into admin
        <trim prefix="(" suffix=")" suffixOverrides=",">
            <if test="adminId != null">
                admin_id,
            </if>
            <if test="password != null">
                password,
            </if>
            <if test="name != null">
                name,
            </if>
            <if test="role != null">
                role,
            </if>
            <if test="tel != null">
                tel,
            </if>
        </trim>
        <trim prefix="values (" suffix=")" suffixOverrides=",">
            <if test="adminId != null">
                #{adminId,jdbcType=INTEGER},
            </if>
            <if test="password != null">
                #{password,jdbcType=VARCHAR},
            </if>
            <if test="name != null">
                #{name,jdbcType=VARCHAR},
            </if>
            <if test="role != null">
                #{role,jdbcType=VARCHAR},
            </if>
            <if test="tel != null">
                #{tel,jdbcType=VARCHAR},
            </if>
        </trim>
    </insert>
    <select id="countByExample" parameterType="springmvc.entity.AdminExample" resultType="java.lang.Integer">
        select count(*) from admin
        <if test="_parameter != null">
            <include refid="Example_Where_Clause"/>
        </if>
    </select>
    <update id="updateByExampleSelective" parameterType="map">
        update admin
        <set>
            <if test="record.adminId != null">
                admin_id = #{record.adminId,jdbcType=INTEGER},
            </if>
            <if test="record.password != null">
                password = #{record.password,jdbcType=VARCHAR},
            </if>
            <if test="record.name != null">
                name = #{record.name,jdbcType=VARCHAR},
            </if>
            <if test="record.role != null">
                role = #{record.role,jdbcType=VARCHAR},
            </if>
            <if test="record.tel != null">
                tel = #{record.tel,jdbcType=VARCHAR},
            </if>
        </set>
        <if test="_parameter != null">
            <include refid="Update_By_Example_Where_Clause"/>
        </if>
    </update>
    <update id="updateByExample" parameterType="map">
        update admin
        set admin_id = #{record.adminId,jdbcType=INTEGER},
        password = #{record.password,jdbcType=VARCHAR},
        name = #{record.name,jdbcType=VARCHAR},
        role = #{record.role,jdbcType=VARCHAR},
        tel = #{record.tel,jdbcType=VARCHAR}
        <if test="_parameter != null">
            <include refid="Update_By_Example_Where_Clause"/>
        </if>
    </update>
    <update id="updateByPrimaryKeySelective" parameterType="springmvc.entity.Admin">
        update admin
        <set>
            <if test="password != null">
                password = #{password,jdbcType=VARCHAR},
            </if>
            <if test="name != null">
                name = #{name,jdbcType=VARCHAR},
            </if>
            <if test="role != null">
                role = #{role,jdbcType=VARCHAR},
            </if>
            <if test="tel != null">
                tel = #{tel,jdbcType=VARCHAR},
            </if>
        </set>
        where admin_id = #{adminId,jdbcType=INTEGER}
    </update>
    <update id="updateByPrimaryKey" parameterType="springmvc.entity.Admin">
    update admin
    set password = #{password,jdbcType=VARCHAR},
      name = #{name,jdbcType=VARCHAR},
      role = #{role,jdbcType=VARCHAR},
      tel = #{tel,jdbcType=VARCHAR}
    where admin_id = #{adminId,jdbcType=INTEGER}
  </update>


    <select id="countAllAdmin" resultType="java.lang.Integer">
        select
         count(*)
        from admin
    </select>
    <select id="selectByConditions" resultMap="BaseResultMap">
        select * from admin
        <if test="adminID_search != null or  name_search != null  ">where
            <if test="adminID_search != null">
                admin_id like concat('%',#{adminID_search},'%')
                <if test="name_search != null">
                    and
                </if>
            </if>
            <if test="name_search != null">
                name like concat('%',#{name_search},'%')
            </if>
        </if>
        limit #{start},#{end}
    </select>
    <select id="countAdminByConditions" resultType="java.lang.Integer">
        select count(*) from admin
        <if test="adminID_search != null or  name_search != null  ">where
            <if test="adminID_search != null">
                admin_id like concat('%',#{adminID_search},'%')
                <if test="name_search != null">
                    and
                </if>
            </if>
            <if test="name_search != null">
                name like concat('%',#{name_search},'%')
            </if>
        </if>
    </select>
    <select id="selectByPage" resultMap="BaseResultMap">
        select
        <include refid="Base_Column_List"/>
        from admin limit #{start},#{end}
    </select>
    <insert id="addAdmin" parameterType="springmvc.entity.Admin">
        insert into admin (password, name,
      role, tel)
    values (#{add_password,jdbcType=VARCHAR}, #{add_name,jdbcType=VARCHAR},
      #{add_role,jdbcType=VARCHAR}, #{add_tel,jdbcType=VARCHAR})
    </insert>
</mapper>