<?xml version="1.0" encoding="UTF-8" ?>
<!DOCTYPE mapper PUBLIC "-//mybatis.org//DTD Mapper 3.0//EN" "http://mybatis.org/dtd/mybatis-3-mapper.dtd" >
<mapper namespace="springmvc.dao.PoliceMapper">
    <resultMap id="BaseResultMap" type="springmvc.entity.Police">
        <id column="police_ID" property="policeId" jdbcType="INTEGER"/>
        <result column="organ_name" property="organName" jdbcType="VARCHAR"/>
        <result column="password" property="password" jdbcType="VARCHAR"/>
        <result column="address" property="address" jdbcType="VARCHAR"/>
        <result column="office_tel" property="officeTel" jdbcType="BIGINT"/>
    </resultMap>
    <sql id="Example_Where_Clause">
        <where>
            <foreach collection="oredCriteria" item="criteria" separator="or">
                <if test="criteria.valid">
                    <trim prefix="(" suffix=")" prefixOverrides="and">
                        <foreach collection="criteria.criteria" item="criterion">
                            <choose>
                                <when test="criterion.noValue">
                                    and ${criterion.condition}
                                </when>
                                <when test="criterion.singleValue">
                                    and ${criterion.condition} #{criterion.value}
                                </when>
                                <when test="criterion.betweenValue">
                                    and ${criterion.condition} #{criterion.value} and #{criterion.secondValue}
                                </when>
                                <when test="criterion.listValue">
                                    and ${criterion.condition}
                                    <foreach collection="criterion.value" item="listItem" open="(" close=")"
                                             separator=",">
                                        #{listItem}
                                    </foreach>
                                </when>
                            </choose>
                        </foreach>
                    </trim>
                </if>
            </foreach>
        </where>
    </sql>
    <sql id="Update_By_Example_Where_Clause">
        <where>
            <foreach collection="example.oredCriteria" item="criteria" separator="or">
                <if test="criteria.valid">
                    <trim prefix="(" suffix=")" prefixOverrides="and">
                        <foreach collection="criteria.criteria" item="criterion">
                            <choose>
                                <when test="criterion.noValue">
                                    and ${criterion.condition}
                                </when>
                                <when test="criterion.singleValue">
                                    and ${criterion.condition} #{criterion.value}
                                </when>
                                <when test="criterion.betweenValue">
                                    and ${criterion.condition} #{criterion.value} and #{criterion.secondValue}
                                </when>
                                <when test="criterion.listValue">
                                    and ${criterion.condition}
                                    <foreach collection="criterion.value" item="listItem" open="(" close=")"
                                             separator=",">
                                        #{listItem}
                                    </foreach>
                                </when>
                            </choose>
                        </foreach>
                    </trim>
                </if>
            </foreach>
        </where>
    </sql>
    <sql id="Base_Column_List">
    police_ID, organ_name, password, address, office_tel
  </sql>
    <select id="selectByExample" resultMap="BaseResultMap" parameterType="springmvc.entity.PoliceExample">
        select
        <if test="distinct">
            distinct
        </if>
        <include refid="Base_Column_List"/>
        from police
        <if test="_parameter != null">
            <include refid="Example_Where_Clause"/>
        </if>
        <if test="orderByClause != null">
            order by ${orderByClause}
        </if>
    </select>
    <select id="selectByPrimaryKey" resultMap="BaseResultMap" parameterType="java.lang.Integer">
        select
        <include refid="Base_Column_List"/>
        from police
        where police_ID = #{policeId,jdbcType=INTEGER}
    </select>
    <delete id="deleteByPrimaryKey" parameterType="java.lang.Integer">
    delete from police
    where police_ID = #{policeId,jdbcType=INTEGER}
  </delete>
    <delete id="deleteByExample" parameterType="springmvc.entity.PoliceExample">
        delete from police
        <if test="_parameter != null">
            <include refid="Example_Where_Clause"/>
        </if>
    </delete>
    <insert id="insert" parameterType="springmvc.entity.Police">
    insert into police (police_ID, organ_name, password, 
      address, office_tel)
    values (#{policeId,jdbcType=INTEGER}, #{organName,jdbcType=VARCHAR}, #{password,jdbcType=VARCHAR}, 
      #{address,jdbcType=VARCHAR}, #{officeTel,jdbcType=BIGINT})
  </insert>
    <insert id="insertSelective" parameterType="springmvc.entity.Police">
        insert into police
        <trim prefix="(" suffix=")" suffixOverrides=",">
            <if test="policeId != null">
                police_ID,
            </if>
            <if test="organName != null">
                organ_name,
            </if>
            <if test="password != null">
                password,
            </if>
            <if test="address != null">
                address,
            </if>
            <if test="officeTel != null">
                office_tel,
            </if>
        </trim>
        <trim prefix="values (" suffix=")" suffixOverrides=",">
            <if test="policeId != null">
                #{policeId,jdbcType=INTEGER},
            </if>
            <if test="organName != null">
                #{organName,jdbcType=VARCHAR},
            </if>
            <if test="password != null">
                #{password,jdbcType=VARCHAR},
            </if>
            <if test="address != null">
                #{address,jdbcType=VARCHAR},
            </if>
            <if test="officeTel != null">
                #{officeTel,jdbcType=BIGINT},
            </if>
        </trim>
    </insert>
    <select id="countByExample" parameterType="springmvc.entity.PoliceExample" resultType="java.lang.Integer">
        select count(*) from police
        <if test="_parameter != null">
            <include refid="Example_Where_Clause"/>
        </if>
    </select>
    <update id="updateByExampleSelective" parameterType="map">
        update police
        <set>
            <if test="record.policeId != null">
                police_ID = #{record.policeId,jdbcType=INTEGER},
            </if>
            <if test="record.organName != null">
                organ_name = #{record.organName,jdbcType=VARCHAR},
            </if>
            <if test="record.password != null">
                password = #{record.password,jdbcType=VARCHAR},
            </if>
            <if test="record.address != null">
                address = #{record.address,jdbcType=VARCHAR},
            </if>
            <if test="record.officeTel != null">
                office_tel = #{record.officeTel,jdbcType=BIGINT},
            </if>
        </set>
        <if test="_parameter != null">
            <include refid="Update_By_Example_Where_Clause"/>
        </if>
    </update>
    <update id="updateByExample" parameterType="map">
        update police
        set police_ID = #{record.policeId,jdbcType=INTEGER},
        organ_name = #{record.organName,jdbcType=VARCHAR},
        password = #{record.password,jdbcType=VARCHAR},
        address = #{record.address,jdbcType=VARCHAR},
        office_tel = #{record.officeTel,jdbcType=BIGINT}
        <if test="_parameter != null">
            <include refid="Update_By_Example_Where_Clause"/>
        </if>
    </update>
    <update id="updateByPrimaryKeySelective" parameterType="springmvc.entity.Police">
        update police
        <set>
            <if test="organName != null">
                organ_name = #{organName,jdbcType=VARCHAR},
            </if>
            <if test="password != null">
                password = #{password,jdbcType=VARCHAR},
            </if>
            <if test="address != null">
                address = #{address,jdbcType=VARCHAR},
            </if>
            <if test="officeTel != null">
                office_tel = #{officeTel,jdbcType=BIGINT},
            </if>
        </set>
        where police_ID = #{policeId,jdbcType=INTEGER}
    </update>
    <update id="updateByPrimaryKey" parameterType="springmvc.entity.Police">
    update police
    set organ_name = #{organName,jdbcType=VARCHAR},
      password = #{password,jdbcType=VARCHAR},
      address = #{address,jdbcType=VARCHAR},
      office_tel = #{officeTel,jdbcType=BIGINT}
    where police_ID = #{policeId,jdbcType=INTEGER}
  </update>

    <select id="countAllPolice" resultType="java.lang.Integer">
        select
         count(*)
        from police
    </select>
    <select id="selectByConditions" resultMap="BaseResultMap">
        select * from police
        <if test="policeId_search != null or  organName_search != null  ">where
            <if test="policeId_search != null">
                police_ID like concat('%',#{policeId_search},'%')
                <if test="organName_search != null">
                    and
                </if>
            </if>
            <if test="organName_search != null">
                organ_name like concat('%',#{organName_search},'%')
            </if>
        </if>
        limit #{start},#{end}
    </select>
    <select id="countPoliceByConditions" resultType="java.lang.Integer">
        select count(*) from police
        <if test="policeId_search != null or  organName_search != null  ">where
            <if test="policeId_search != null">
                police_ID like concat('%',#{policeId_search},'%')
                <if test="organName_search != null">
                    and
                </if>
            </if>
            <if test="organName_search != null">
                organ_name like concat('%',#{organName_search},'%')
            </if>
        </if>
    </select>
    <select id="selectByPage" resultMap="BaseResultMap">
        select
        <include refid="Base_Column_List"/>
        from police limit #{start},#{end}
    </select>
    <delete id="deleteSelectedPolice" parameterType="java.util.ArrayList">
        delete from police where police_ID in
        <foreach item="item" collection="collection" index="index" open="(" separator="," close=")">
            #{item}
        </foreach>
    </delete>
    <select id="selectPoliceIdByProvince" resultType="java.lang.String">
        select police_id from police where  organ_name like concat('%',#{province},'%')
    </select>
    <select id="selectPoliceIdByProvinceAndCity" resultType="java.lang.String">
        select police_id from police where  organ_name like
        <if test="city !=null">
            concat(#{province},'%',#{city},'%')
        </if>
        <if test="city ==null">
            concat('%',#{province},'%')
        </if>
    </select>
</mapper>