<?xml version="1.0" encoding="UTF-8" ?>
<!DOCTYPE mapper PUBLIC "-//mybatis.org//DTD Mapper 3.0//EN" "http://mybatis.org/dtd/mybatis-3-mapper.dtd" >
<mapper namespace="springmvc.dao.ReadHistoryMapper">
    <resultMap id="BaseResultMap" type="springmvc.entity.ReadHistory">
        <id column="waring_id" property="waringId" jdbcType="BIGINT"/>
        <id column="read_user" property="readUser" jdbcType="BIGINT"/>
        <result column="read_time" property="readTime" jdbcType="DATE"/>
    </resultMap>
    <sql id="Example_Where_Clause">
        <where>
            <foreach collection="oredCriteria" item="criteria" separator="or">
                <if test="criteria.valid">
                    <trim prefix="(" suffix=")" prefixOverrides="and">
                        <foreach collection="criteria.criteria" item="criterion">
                            <choose>
                                <when test="criterion.noValue">
                                    and ${criterion.condition}
                                </when>
                                <when test="criterion.singleValue">
                                    and ${criterion.condition} #{criterion.value}
                                </when>
                                <when test="criterion.betweenValue">
                                    and ${criterion.condition} #{criterion.value} and #{criterion.secondValue}
                                </when>
                                <when test="criterion.listValue">
                                    and ${criterion.condition}
                                    <foreach collection="criterion.value" item="listItem" open="(" close=")"
                                             separator=",">
                                        #{listItem}
                                    </foreach>
                                </when>
                            </choose>
                        </foreach>
                    </trim>
                </if>
            </foreach>
        </where>
    </sql>
    <sql id="Update_By_Example_Where_Clause">
        <where>
            <foreach collection="example.oredCriteria" item="criteria" separator="or">
                <if test="criteria.valid">
                    <trim prefix="(" suffix=")" prefixOverrides="and">
                        <foreach collection="criteria.criteria" item="criterion">
                            <choose>
                                <when test="criterion.noValue">
                                    and ${criterion.condition}
                                </when>
                                <when test="criterion.singleValue">
                                    and ${criterion.condition} #{criterion.value}
                                </when>
                                <when test="criterion.betweenValue">
                                    and ${criterion.condition} #{criterion.value} and #{criterion.secondValue}
                                </when>
                                <when test="criterion.listValue">
                                    and ${criterion.condition}
                                    <foreach collection="criterion.value" item="listItem" open="(" close=")"
                                             separator=",">
                                        #{listItem}
                                    </foreach>
                                </when>
                            </choose>
                        </foreach>
                    </trim>
                </if>
            </foreach>
        </where>
    </sql>
    <sql id="Base_Column_List">
    waring_id, read_user, read_time
  </sql>
    <select id="selectByExample" resultMap="BaseResultMap" parameterType="springmvc.entity.ReadHistoryExample">
        select
        <if test="distinct">
            distinct
        </if>
        <include refid="Base_Column_List"/>
        from read_history
        <if test="_parameter != null">
            <include refid="Example_Where_Clause"/>
        </if>
        <if test="orderByClause != null">
            order by ${orderByClause}
        </if>
    </select>
    <select id="selectByPrimaryKey" resultMap="BaseResultMap" parameterType="springmvc.entity.ReadHistoryKey">
        select
        <include refid="Base_Column_List"/>
        from read_history
        where waring_id = #{waringId,jdbcType=BIGINT}
        and read_user = #{readUser,jdbcType=BIGINT}
    </select>
    <delete id="deleteByPrimaryKey" parameterType="springmvc.entity.ReadHistoryKey">
    delete from read_history
    where waring_id = #{waringId,jdbcType=BIGINT}
      and read_user = #{readUser,jdbcType=BIGINT}
  </delete>
    <delete id="deleteByExample" parameterType="springmvc.entity.ReadHistoryExample">
        delete from read_history
        <if test="_parameter != null">
            <include refid="Example_Where_Clause"/>
        </if>
    </delete>
    <insert id="insert" parameterType="springmvc.entity.ReadHistory">
    insert into read_history (waring_id, read_user, read_time
      )
    values (#{waringId,jdbcType=BIGINT}, #{readUser,jdbcType=BIGINT}, #{readTime,jdbcType=DATE}
      )
  </insert>
    <insert id="insertSelective" parameterType="springmvc.entity.ReadHistory">
        insert into read_history
        <trim prefix="(" suffix=")" suffixOverrides=",">
            <if test="waringId != null">
                waring_id,
            </if>
            <if test="readUser != null">
                read_user,
            </if>
            <if test="readTime != null">
                read_time,
            </if>
        </trim>
        <trim prefix="values (" suffix=")" suffixOverrides=",">
            <if test="waringId != null">
                #{waringId,jdbcType=BIGINT},
            </if>
            <if test="readUser != null">
                #{readUser,jdbcType=BIGINT},
            </if>
            <if test="readTime != null">
                #{readTime,jdbcType=DATE},
            </if>
        </trim>
    </insert>
    <select id="countByExample" parameterType="springmvc.entity.ReadHistoryExample" resultType="java.lang.Integer">
        select count(*) from read_history
        <if test="_parameter != null">
            <include refid="Example_Where_Clause"/>
        </if>
    </select>
    <update id="updateByExampleSelective" parameterType="map">
        update read_history
        <set>
            <if test="record.waringId != null">
                waring_id = #{record.waringId,jdbcType=BIGINT},
            </if>
            <if test="record.readUser != null">
                read_user = #{record.readUser,jdbcType=BIGINT},
            </if>
            <if test="record.readTime != null">
                read_time = #{record.readTime,jdbcType=DATE},
            </if>
        </set>
        <if test="_parameter != null">
            <include refid="Update_By_Example_Where_Clause"/>
        </if>
    </update>
    <update id="updateByExample" parameterType="map">
        update read_history
        set waring_id = #{record.waringId,jdbcType=BIGINT},
        read_user = #{record.readUser,jdbcType=BIGINT},
        read_time = #{record.readTime,jdbcType=DATE}
        <if test="_parameter != null">
            <include refid="Update_By_Example_Where_Clause"/>
        </if>
    </update>
    <update id="updateByPrimaryKeySelective" parameterType="springmvc.entity.ReadHistory">
        update read_history
        <set>
            <if test="readTime != null">
                read_time = #{readTime,jdbcType=DATE},
            </if>
        </set>
        where waring_id = #{waringId,jdbcType=BIGINT}
        and read_user = #{readUser,jdbcType=BIGINT}
    </update>
    <update id="updateByPrimaryKey" parameterType="springmvc.entity.ReadHistory">
    update read_history
    set read_time = #{readTime,jdbcType=DATE}
    where waring_id = #{waringId,jdbcType=BIGINT}
      and read_user = #{readUser,jdbcType=BIGINT}
  </update>

    <select id="selectByPage" resultMap="BaseResultMap">
        select * from read_history limit #{start},#{end };
    </select>
    <select id="countAllReadHistory" resultType="java.lang.Integer">
      select count(*) from read_history ;
   </select>

    <select id="countReadHistoryByConditions" resultType="java.lang.Integer" parameterType="hashmap">
        select count(*) from read_history where waring_id in
        <foreach item="item" collection="waringIds" index="index" open="(" separator="," close=")">
            #{item}
        </foreach>
        <if test="readDate_search != null">
            and read_time=#{readDate_search}
        </if>
    </select>
    <select id="selectReadHistoryByConditions" resultMap="BaseResultMap" parameterType="hashmap">
        select * from read_history where waring_id in
        <foreach item="item" collection="waringIds" index="index" open="(" separator="," close=")">
            #{item}
        </foreach>
        <if test="readDate_search != null">
            and read_time=#{readDate_search}
        </if>
        limit #{start},#{end }
    </select>
</mapper>