<?xml version="1.0" encoding="UTF-8" ?>
<!DOCTYPE mapper PUBLIC "-//mybatis.org//DTD Mapper 3.0//EN" "http://mybatis.org/dtd/mybatis-3-mapper.dtd" >
<mapper namespace="springmvc.dao.UserMapper">
    <resultMap id="BaseResultMap" type="springmvc.entity.User">
        <id column="Phone_Num" property="phoneNum" jdbcType="BIGINT"/>
        <result column="password" property="password" jdbcType="VARCHAR"/>
        <result column="name" property="name" jdbcType="VARCHAR"/>
        <result column="age" property="age" jdbcType="VARCHAR"/>
        <result column="gender" property="gender" jdbcType="VARCHAR"/>
        <result column="email" property="email" jdbcType="VARCHAR"/>
        <result column="address" property="address" jdbcType="VARCHAR"/>
    </resultMap>
    <sql id="Example_Where_Clause">
        <where>
            <foreach collection="oredCriteria" item="criteria" separator="or">
                <if test="criteria.valid">
                    <trim prefix="(" suffix=")" prefixOverrides="and">
                        <foreach collection="criteria.criteria" item="criterion">
                            <choose>
                                <when test="criterion.noValue">
                                    and ${criterion.condition}
                                </when>
                                <when test="criterion.singleValue">
                                    and ${criterion.condition} #{criterion.value}
                                </when>
                                <when test="criterion.betweenValue">
                                    and ${criterion.condition} #{criterion.value} and #{criterion.secondValue}
                                </when>
                                <when test="criterion.listValue">
                                    and ${criterion.condition}
                                    <foreach collection="criterion.value" item="listItem" open="(" close=")"
                                             separator=",">
                                        #{listItem}
                                    </foreach>
                                </when>
                            </choose>
                        </foreach>
                    </trim>
                </if>
            </foreach>
        </where>
    </sql>
    <sql id="Update_By_Example_Where_Clause">
        <where>
            <foreach collection="example.oredCriteria" item="criteria" separator="or">
                <if test="criteria.valid">
                    <trim prefix="(" suffix=")" prefixOverrides="and">
                        <foreach collection="criteria.criteria" item="criterion">
                            <choose>
                                <when test="criterion.noValue">
                                    and ${criterion.condition}
                                </when>
                                <when test="criterion.singleValue">
                                    and ${criterion.condition} #{criterion.value}
                                </when>
                                <when test="criterion.betweenValue">
                                    and ${criterion.condition} #{criterion.value} and #{criterion.secondValue}
                                </when>
                                <when test="criterion.listValue">
                                    and ${criterion.condition}
                                    <foreach collection="criterion.value" item="listItem" open="(" close=")"
                                             separator=",">
                                        #{listItem}
                                    </foreach>
                                </when>
                            </choose>
                        </foreach>
                    </trim>
                </if>
            </foreach>
        </where>
    </sql>
    <sql id="Base_Column_List">
    Phone_Num, password, name, age, gender, email, address
  </sql>
    <select id="selectByExample" resultMap="BaseResultMap" parameterType="springmvc.entity.UserExample">
        select
        <if test="distinct">
            distinct
        </if>
        <include refid="Base_Column_List"/>
        from user
        <if test="_parameter != null">
            <include refid="Example_Where_Clause"/>
        </if>
        <if test="orderByClause != null">
            order by ${orderByClause}
        </if>
    </select>
    <select id="selectByPrimaryKey" resultMap="BaseResultMap" parameterType="java.lang.Long">
        select
        <include refid="Base_Column_List"/>
        from user
        where Phone_Num = #{phoneNum,jdbcType=BIGINT}
    </select>
    <delete id="deleteByPrimaryKey" parameterType="java.lang.Long">
    delete from user
    where Phone_Num = #{phoneNum,jdbcType=BIGINT}
  </delete>
    <delete id="deleteByExample" parameterType="springmvc.entity.UserExample">
        delete from user
        <if test="_parameter != null">
            <include refid="Example_Where_Clause"/>
        </if>
    </delete>
    <insert id="insert" parameterType="springmvc.entity.User">
    insert into user (Phone_Num, password, name, 
      age, gender, email, 
      address)
    values (#{phoneNum,jdbcType=BIGINT}, #{password,jdbcType=VARCHAR}, #{name,jdbcType=VARCHAR}, 
      #{age,jdbcType=VARCHAR}, #{gender,jdbcType=VARCHAR}, #{email,jdbcType=VARCHAR}, 
      #{address,jdbcType=VARCHAR})
  </insert>
    <insert id="insertSelective" parameterType="springmvc.entity.User">
        insert into user
        <trim prefix="(" suffix=")" suffixOverrides=",">
            <if test="phoneNum != null">
                Phone_Num,
            </if>
            <if test="password != null">
                password,
            </if>
            <if test="name != null">
                name,
            </if>
            <if test="age != null">
                age,
            </if>
            <if test="gender != null">
                gender,
            </if>
            <if test="email != null">
                email,
            </if>
            <if test="address != null">
                address,
            </if>
        </trim>
        <trim prefix="values (" suffix=")" suffixOverrides=",">
            <if test="phoneNum != null">
                #{phoneNum,jdbcType=BIGINT},
            </if>
            <if test="password != null">
                #{password,jdbcType=VARCHAR},
            </if>
            <if test="name != null">
                #{name,jdbcType=VARCHAR},
            </if>
            <if test="age != null">
                #{age,jdbcType=VARCHAR},
            </if>
            <if test="gender != null">
                #{gender,jdbcType=VARCHAR},
            </if>
            <if test="email != null">
                #{email,jdbcType=VARCHAR},
            </if>
            <if test="address != null">
                #{address,jdbcType=VARCHAR},
            </if>
        </trim>
    </insert>
    <select id="countByExample" parameterType="springmvc.entity.UserExample" resultType="java.lang.Integer">
        select count(*) from user
        <if test="_parameter != null">
            <include refid="Example_Where_Clause"/>
        </if>
    </select>
    <update id="updateByExampleSelective" parameterType="map">
        update user
        <set>
            <if test="record.phoneNum != null">
                Phone_Num = #{record.phoneNum,jdbcType=BIGINT},
            </if>
            <if test="record.password != null">
                password = #{record.password,jdbcType=VARCHAR},
            </if>
            <if test="record.name != null">
                name = #{record.name,jdbcType=VARCHAR},
            </if>
            <if test="record.age != null">
                age = #{record.age,jdbcType=VARCHAR},
            </if>
            <if test="record.gender != null">
                gender = #{record.gender,jdbcType=VARCHAR},
            </if>
            <if test="record.email != null">
                email = #{record.email,jdbcType=VARCHAR},
            </if>
            <if test="record.address != null">
                address = #{record.address,jdbcType=VARCHAR},
            </if>
        </set>
        <if test="_parameter != null">
            <include refid="Update_By_Example_Where_Clause"/>
        </if>
    </update>
    <update id="updateByExample" parameterType="map">
        update user
        set Phone_Num = #{record.phoneNum,jdbcType=BIGINT},
        password = #{record.password,jdbcType=VARCHAR},
        name = #{record.name,jdbcType=VARCHAR},
        age = #{record.age,jdbcType=VARCHAR},
        gender = #{record.gender,jdbcType=VARCHAR},
        email = #{record.email,jdbcType=VARCHAR},
        address = #{record.address,jdbcType=VARCHAR}
        <if test="_parameter != null">
            <include refid="Update_By_Example_Where_Clause"/>
        </if>
    </update>
    <update id="updateByPrimaryKeySelective" parameterType="springmvc.entity.User">
        update user
        <set>
            <if test="password != null">
                password = #{password,jdbcType=VARCHAR},
            </if>
            <if test="name != null">
                name = #{name,jdbcType=VARCHAR},
            </if>
            <if test="age != null">
                age = #{age,jdbcType=VARCHAR},
            </if>
            <if test="gender != null">
                gender = #{gender,jdbcType=VARCHAR},
            </if>
            <if test="email != null">
                email = #{email,jdbcType=VARCHAR},
            </if>
            <if test="address != null">
                address = #{address,jdbcType=VARCHAR},
            </if>
        </set>
        where Phone_Num = #{phoneNum,jdbcType=BIGINT}
    </update>
    <update id="updateByPrimaryKey" parameterType="springmvc.entity.User">
    update user
    set password = #{password,jdbcType=VARCHAR},
      name = #{name,jdbcType=VARCHAR},
      age = #{age,jdbcType=VARCHAR},
      gender = #{gender,jdbcType=VARCHAR},
      email = #{email,jdbcType=VARCHAR},
      address = #{address,jdbcType=VARCHAR}
    where Phone_Num = #{phoneNum,jdbcType=BIGINT}
  </update>


    <select id="countAllUser" resultType="java.lang.Integer">
        select
         count(*)
        from user
    </select>
    <select id="selectByConditions" resultMap="BaseResultMap">
        select * from user
        <if test="phone_search != null or  Name_search != null  or  gender != null or  age != null">where
            <if test="phone_search != null">
                phone_num like concat('%',#{phone_search},'%')
                <if test="Name_search != null or  gender != null or  age != null">
                    and
                </if>
            </if>
            <if test="Name_search != null">
                name like concat('%',#{Name_search},'%')
                <if test=" gender != null or  age != null">
                    and
                </if>
            </if>
            <if test="gender != null">
                gender = #{gender}
                <if test=" age != null">
                    and
                </if>
            </if>
            <if test="age != null">
                age like concat('%',#{age},'%')
            </if>
        </if>
        limit #{start},#{end}
    </select>
    <select id="countUserByConditions" resultType="java.lang.Integer">
        select count(*) from user
        <if test="phone_search != null or  Name_search != null  or  gender != null or  age != null">where
            <if test="phone_search != null">
                phone_num like concat('%',#{phone_search},'%')
                <if test="Name_search != null or  gender != null or  age != null">
                    and
                </if>
            </if>
            <if test="Name_search != null">
                name like concat('%',#{Name_search},'%')
                <if test=" gender != null or  age != null">
                    and
                </if>
            </if>
            <if test="gender != null">
                gender = #{gender}
                <if test=" age != null">
                    and
                </if>
            </if>
            <if test="age != null">
                age like concat('%',#{age},'%')
            </if>
        </if>
    </select>
    <select id="selectByPage" resultMap="BaseResultMap">
        select
        <include refid="Base_Column_List"/>
        from user limit #{start},#{end}
    </select>
    <delete id="deleteSelectedUser" parameterType="java.util.ArrayList">
        delete from user where Phone_Num in
        <foreach item="item" collection="collection" index="index" open="(" separator="," close=")">
            #{item}
        </foreach>
    </delete>
</mapper>