<?xml version="1.0" encoding="UTF-8" ?>
<!DOCTYPE mapper PUBLIC "-//mybatis.org//DTD Mapper 3.0//EN" "http://mybatis.org/dtd/mybatis-3-mapper.dtd" >
<mapper namespace="springmvc.dao.WaringHistoryMapper" >
  <resultMap id="BaseResultMap" type="springmvc.entity.WaringHistory" >
    <id column="waring_id" property="waringId" jdbcType="BIGINT" />
    <result column="W_title" property="wTitle" jdbcType="VARCHAR" />
    <result column="W_pdate" property="wPdate" jdbcType="DATE" />
    <result column="w_deldate" property="wDeldate" jdbcType="DATE" />
    <result column="read_times" property="readTimes" jdbcType="INTEGER" />
  </resultMap>
  <resultMap id="ResultMapWithBLOBs" type="springmvc.entity.WaringHistory" extends="BaseResultMap" >
    <result column="W_content" property="wContent" jdbcType="LONGVARCHAR" />
  </resultMap>
  <sql id="Example_Where_Clause" >
    <where >
      <foreach collection="oredCriteria" item="criteria" separator="or" >
        <if test="criteria.valid" >
          <trim prefix="(" suffix=")" prefixOverrides="and" >
            <foreach collection="criteria.criteria" item="criterion" >
              <choose >
                <when test="criterion.noValue" >
                  and ${criterion.condition}
                </when>
                <when test="criterion.singleValue" >
                  and ${criterion.condition} #{criterion.value}
                </when>
                <when test="criterion.betweenValue" >
                  and ${criterion.condition} #{criterion.value} and #{criterion.secondValue}
                </when>
                <when test="criterion.listValue" >
                  and ${criterion.condition}
                  <foreach collection="criterion.value" item="listItem" open="(" close=")" separator="," >
                    #{listItem}
                  </foreach>
                </when>
              </choose>
            </foreach>
          </trim>
        </if>
      </foreach>
    </where>
  </sql>
  <sql id="Update_By_Example_Where_Clause" >
    <where >
      <foreach collection="example.oredCriteria" item="criteria" separator="or" >
        <if test="criteria.valid" >
          <trim prefix="(" suffix=")" prefixOverrides="and" >
            <foreach collection="criteria.criteria" item="criterion" >
              <choose >
                <when test="criterion.noValue" >
                  and ${criterion.condition}
                </when>
                <when test="criterion.singleValue" >
                  and ${criterion.condition} #{criterion.value}
                </when>
                <when test="criterion.betweenValue" >
                  and ${criterion.condition} #{criterion.value} and #{criterion.secondValue}
                </when>
                <when test="criterion.listValue" >
                  and ${criterion.condition}
                  <foreach collection="criterion.value" item="listItem" open="(" close=")" separator="," >
                    #{listItem}
                  </foreach>
                </when>
              </choose>
            </foreach>
          </trim>
        </if>
      </foreach>
    </where>
  </sql>
  <sql id="Base_Column_List" >
    waring_id, W_title, W_pdate, w_deldate, read_times
  </sql>
  <sql id="Blob_Column_List" >
    W_content
  </sql>
  <select id="selectByExampleWithBLOBs" resultMap="ResultMapWithBLOBs" parameterType="springmvc.entity.WaringHistoryExample" >
    select
    <if test="distinct" >
      distinct
    </if>
    <include refid="Base_Column_List" />
    ,
    <include refid="Blob_Column_List" />
    from waring_history
    <if test="_parameter != null" >
      <include refid="Example_Where_Clause" />
    </if>
    <if test="orderByClause != null" >
      order by ${orderByClause}
    </if>
  </select>
  <select id="selectByExample" resultMap="BaseResultMap" parameterType="springmvc.entity.WaringHistoryExample" >
    select
    <if test="distinct" >
      distinct
    </if>
    <include refid="Base_Column_List" />
    from waring_history
    <if test="_parameter != null" >
      <include refid="Example_Where_Clause" />
    </if>
    <if test="orderByClause != null" >
      order by ${orderByClause}
    </if>
  </select>
  <select id="selectByPrimaryKey" resultMap="ResultMapWithBLOBs" parameterType="java.lang.Long" >
    select 
    <include refid="Base_Column_List" />
    ,
    <include refid="Blob_Column_List" />
    from waring_history
    where waring_id = #{waringId,jdbcType=BIGINT}
  </select>
  <delete id="deleteByPrimaryKey" parameterType="java.lang.Long" >
    delete from waring_history
    where waring_id = #{waringId,jdbcType=BIGINT}
  </delete>
  <delete id="deleteByExample" parameterType="springmvc.entity.WaringHistoryExample" >
    delete from waring_history
    <if test="_parameter != null" >
      <include refid="Example_Where_Clause" />
    </if>
  </delete>
  <insert id="insert" parameterType="springmvc.entity.WaringHistory" >
    insert into waring_history (waring_id, W_title, W_pdate, 
      w_deldate, read_times, W_content
      )
    values (#{waringId,jdbcType=BIGINT}, #{wTitle,jdbcType=VARCHAR}, #{wPdate,jdbcType=DATE}, 
      #{wDeldate,jdbcType=DATE}, #{readTimes,jdbcType=INTEGER}, #{wContent,jdbcType=LONGVARCHAR}
      )
  </insert>
  <insert id="insertSelective" parameterType="springmvc.entity.WaringHistory" >
    insert into waring_history
    <trim prefix="(" suffix=")" suffixOverrides="," >
      <if test="waringId != null" >
        waring_id,
      </if>
      <if test="wTitle != null" >
        W_title,
      </if>
      <if test="wPdate != null" >
        W_pdate,
      </if>
      <if test="wDeldate != null" >
        w_deldate,
      </if>
      <if test="readTimes != null" >
        read_times,
      </if>
      <if test="wContent != null" >
        W_content,
      </if>
    </trim>
    <trim prefix="values (" suffix=")" suffixOverrides="," >
      <if test="waringId != null" >
        #{waringId,jdbcType=BIGINT},
      </if>
      <if test="wTitle != null" >
        #{wTitle,jdbcType=VARCHAR},
      </if>
      <if test="wPdate != null" >
        #{wPdate,jdbcType=DATE},
      </if>
      <if test="wDeldate != null" >
        #{wDeldate,jdbcType=DATE},
      </if>
      <if test="readTimes != null" >
        #{readTimes,jdbcType=INTEGER},
      </if>
      <if test="wContent != null" >
        #{wContent,jdbcType=LONGVARCHAR},
      </if>
    </trim>
  </insert>
  <select id="countByExample" parameterType="springmvc.entity.WaringHistoryExample" resultType="java.lang.Integer" >
    select count(*) from waring_history
    <if test="_parameter != null" >
      <include refid="Example_Where_Clause" />
    </if>
  </select>
  <update id="updateByExampleSelective" parameterType="map" >
    update waring_history
    <set >
      <if test="record.waringId != null" >
        waring_id = #{record.waringId,jdbcType=BIGINT},
      </if>
      <if test="record.wTitle != null" >
        W_title = #{record.wTitle,jdbcType=VARCHAR},
      </if>
      <if test="record.wPdate != null" >
        W_pdate = #{record.wPdate,jdbcType=DATE},
      </if>
      <if test="record.wDeldate != null" >
        w_deldate = #{record.wDeldate,jdbcType=DATE},
      </if>
      <if test="record.readTimes != null" >
        read_times = #{record.readTimes,jdbcType=INTEGER},
      </if>
      <if test="record.wContent != null" >
        W_content = #{record.wContent,jdbcType=LONGVARCHAR},
      </if>
    </set>
    <if test="_parameter != null" >
      <include refid="Update_By_Example_Where_Clause" />
    </if>
  </update>
  <update id="updateByExampleWithBLOBs" parameterType="map" >
    update waring_history
    set waring_id = #{record.waringId,jdbcType=BIGINT},
      W_title = #{record.wTitle,jdbcType=VARCHAR},
      W_pdate = #{record.wPdate,jdbcType=DATE},
      w_deldate = #{record.wDeldate,jdbcType=DATE},
      read_times = #{record.readTimes,jdbcType=INTEGER},
      W_content = #{record.wContent,jdbcType=LONGVARCHAR}
    <if test="_parameter != null" >
      <include refid="Update_By_Example_Where_Clause" />
    </if>
  </update>
  <update id="updateByExample" parameterType="map" >
    update waring_history
    set waring_id = #{record.waringId,jdbcType=BIGINT},
      W_title = #{record.wTitle,jdbcType=VARCHAR},
      W_pdate = #{record.wPdate,jdbcType=DATE},
      w_deldate = #{record.wDeldate,jdbcType=DATE},
      read_times = #{record.readTimes,jdbcType=INTEGER}
    <if test="_parameter != null" >
      <include refid="Update_By_Example_Where_Clause" />
    </if>
  </update>
  <update id="updateByPrimaryKeySelective" parameterType="springmvc.entity.WaringHistory" >
    update waring_history
    <set >
      <if test="wTitle != null" >
        W_title = #{wTitle,jdbcType=VARCHAR},
      </if>
      <if test="wPdate != null" >
        W_pdate = #{wPdate,jdbcType=DATE},
      </if>
      <if test="wDeldate != null" >
        w_deldate = #{wDeldate,jdbcType=DATE},
      </if>
      <if test="readTimes != null" >
        read_times = #{readTimes,jdbcType=INTEGER},
      </if>
      <if test="wContent != null" >
        W_content = #{wContent,jdbcType=LONGVARCHAR},
      </if>
    </set>
    where waring_id = #{waringId,jdbcType=BIGINT}
  </update>
  <update id="updateByPrimaryKeyWithBLOBs" parameterType="springmvc.entity.WaringHistory" >
    update waring_history
    set W_title = #{wTitle,jdbcType=VARCHAR},
      W_pdate = #{wPdate,jdbcType=DATE},
      w_deldate = #{wDeldate,jdbcType=DATE},
      read_times = #{readTimes,jdbcType=INTEGER},
      W_content = #{wContent,jdbcType=LONGVARCHAR}
    where waring_id = #{waringId,jdbcType=BIGINT}
  </update>
  <update id="updateByPrimaryKey" parameterType="springmvc.entity.WaringHistory" >
    update waring_history
    set W_title = #{wTitle,jdbcType=VARCHAR},
      W_pdate = #{wPdate,jdbcType=DATE},
      w_deldate = #{wDeldate,jdbcType=DATE},
      read_times = #{readTimes,jdbcType=INTEGER}
    where waring_id = #{waringId,jdbcType=BIGINT}
  </update>
</mapper>