<?xml version="1.0" encoding="UTF-8" ?>
<!DOCTYPE mapper PUBLIC "-//mybatis.org//DTD Mapper 3.0//EN" "http://mybatis.org/dtd/mybatis-3-mapper.dtd" >
<mapper namespace="springmvc.dao.WaringInfoMapper">
    <resultMap id="BaseResultMap" type="springmvc.entity.WaringInfo">
        <id column="Waring_ID" property="waringId" jdbcType="BIGINT"/>
        <result column="W_title" property="wTitle" jdbcType="VARCHAR"/>
        <result column="W_pdate" property="wPdate" jdbcType="DATE"/>
        <result column="grade" property="grade" jdbcType="CHAR"/>
        <result column="publish_organ_ID" property="publishOrganId" jdbcType="INTEGER"/>
    </resultMap>
    <resultMap id="ResultMapWithBLOBs" type="springmvc.entity.WaringInfo" extends="BaseResultMap">
        <result column="W_content" property="wContent" jdbcType="LONGVARCHAR"/>
    </resultMap>
    <sql id="Example_Where_Clause">
        <where>
            <foreach collection="oredCriteria" item="criteria" separator="or">
                <if test="criteria.valid">
                    <trim prefix="(" suffix=")" prefixOverrides="and">
                        <foreach collection="criteria.criteria" item="criterion">
                            <choose>
                                <when test="criterion.noValue">
                                    and ${criterion.condition}
                                </when>
                                <when test="criterion.singleValue">
                                    and ${criterion.condition} #{criterion.value}
                                </when>
                                <when test="criterion.betweenValue">
                                    and ${criterion.condition} #{criterion.value} and #{criterion.secondValue}
                                </when>
                                <when test="criterion.listValue">
                                    and ${criterion.condition}
                                    <foreach collection="criterion.value" item="listItem" open="(" close=")"
                                             separator=",">
                                        #{listItem}
                                    </foreach>
                                </when>
                            </choose>
                        </foreach>
                    </trim>
                </if>
            </foreach>
        </where>
    </sql>
    <sql id="Update_By_Example_Where_Clause">
        <where>
            <foreach collection="example.oredCriteria" item="criteria" separator="or">
                <if test="criteria.valid">
                    <trim prefix="(" suffix=")" prefixOverrides="and">
                        <foreach collection="criteria.criteria" item="criterion">
                            <choose>
                                <when test="criterion.noValue">
                                    and ${criterion.condition}
                                </when>
                                <when test="criterion.singleValue">
                                    and ${criterion.condition} #{criterion.value}
                                </when>
                                <when test="criterion.betweenValue">
                                    and ${criterion.condition} #{criterion.value} and #{criterion.secondValue}
                                </when>
                                <when test="criterion.listValue">
                                    and ${criterion.condition}
                                    <foreach collection="criterion.value" item="listItem" open="(" close=")"
                                             separator=",">
                                        #{listItem}
                                    </foreach>
                                </when>
                            </choose>
                        </foreach>
                    </trim>
                </if>
            </foreach>
        </where>
    </sql>
    <sql id="Base_Column_List">
    Waring_ID, W_title, W_pdate, grade, publish_organ_ID
  </sql>
    <sql id="Blob_Column_List">
    W_content
  </sql>
    <select id="selectByExampleWithBLOBs" resultMap="ResultMapWithBLOBs"
            parameterType="springmvc.entity.WaringInfoExample">
        select
        <if test="distinct">
            distinct
        </if>
        <include refid="Base_Column_List"/>
        ,
        <include refid="Blob_Column_List"/>
        from Waring_info
        <if test="_parameter != null">
            <include refid="Example_Where_Clause"/>
        </if>
        <if test="orderByClause != null">
            order by ${orderByClause}
        </if>
    </select>
    <select id="selectByExample" resultMap="BaseResultMap" parameterType="springmvc.entity.WaringInfoExample">
        select
        <if test="distinct">
            distinct
        </if>
        <include refid="Base_Column_List"/>
        from Waring_info
        <if test="_parameter != null">
            <include refid="Example_Where_Clause"/>
        </if>
        <if test="orderByClause != null">
            order by ${orderByClause}
        </if>
    </select>
    <select id="selectByPrimaryKey" resultMap="ResultMapWithBLOBs" parameterType="java.lang.Long">
        select
        <include refid="Base_Column_List"/>
        ,
        <include refid="Blob_Column_List"/>
        from Waring_info
        where Waring_ID = #{waringId,jdbcType=BIGINT}
    </select>
    <delete id="deleteByPrimaryKey" parameterType="java.lang.Long">
    delete from Waring_info
    where Waring_ID = #{waringId,jdbcType=BIGINT}
  </delete>
    <delete id="deleteByExample" parameterType="springmvc.entity.WaringInfoExample">
        delete from Waring_info
        <if test="_parameter != null">
            <include refid="Example_Where_Clause"/>
        </if>
    </delete>
    <insert id="insert" parameterType="springmvc.entity.WaringInfo">
    insert into Waring_info (Waring_ID, W_title, W_pdate, 
      grade, publish_organ_ID, W_content
      )
    values (#{waringId,jdbcType=BIGINT}, #{wTitle,jdbcType=VARCHAR}, #{wPdate,jdbcType=DATE}, 
      #{grade,jdbcType=CHAR}, #{publishOrganId,jdbcType=INTEGER}, #{wContent,jdbcType=LONGVARCHAR}
      )
  </insert>

    <insert id="insertSelective" parameterType="springmvc.entity.WaringInfo">
        insert into Waring_info
        <trim prefix="(" suffix=")" suffixOverrides=",">
            <if test="waringId != null">
                Waring_ID,
            </if>
            <if test="wTitle != null">
                W_title,
            </if>
            <if test="wPdate != null">
                W_pdate,
            </if>
            <if test="grade != null">
                grade,
            </if>
            <if test="publishOrganId != null">
                publish_organ_ID,
            </if>
            <if test="wContent != null">
                W_content,
            </if>
        </trim>
        <trim prefix="values (" suffix=")" suffixOverrides=",">
            <if test="waringId != null">
                #{waringId,jdbcType=BIGINT},
            </if>
            <if test="wTitle != null">
                #{wTitle,jdbcType=VARCHAR},
            </if>
            <if test="wPdate != null">
                #{wPdate,jdbcType=DATE},
            </if>
            <if test="grade != null">
                #{grade,jdbcType=CHAR},
            </if>
            <if test="publishOrganId != null">
                #{publishOrganId,jdbcType=INTEGER},
            </if>
            <if test="wContent != null">
                #{wContent,jdbcType=LONGVARCHAR},
            </if>
        </trim>
    </insert>
    <select id="countByExample" parameterType="springmvc.entity.WaringInfoExample" resultType="java.lang.Integer">
        select count(*) from Waring_info
        <if test="_parameter != null">
            <include refid="Example_Where_Clause"/>
        </if>
    </select>
    <update id="updateByExampleSelective" parameterType="map">
        update Waring_info
        <set>
            <if test="record.waringId != null">
                Waring_ID = #{record.waringId,jdbcType=BIGINT},
            </if>
            <if test="record.wTitle != null">
                W_title = #{record.wTitle,jdbcType=VARCHAR},
            </if>
            <if test="record.wPdate != null">
                W_pdate = #{record.wPdate,jdbcType=DATE},
            </if>
            <if test="record.grade != null">
                grade = #{record.grade,jdbcType=CHAR},
            </if>
            <if test="record.publishOrganId != null">
                publish_organ_ID = #{record.publishOrganId,jdbcType=INTEGER},
            </if>
            <if test="record.wContent != null">
                W_content = #{record.wContent,jdbcType=LONGVARCHAR},
            </if>
        </set>
        <if test="_parameter != null">
            <include refid="Update_By_Example_Where_Clause"/>
        </if>
    </update>
    <update id="updateByExampleWithBLOBs" parameterType="map">
        update Waring_info
        set Waring_ID = #{record.waringId,jdbcType=BIGINT},
        W_title = #{record.wTitle,jdbcType=VARCHAR},
        W_pdate = #{record.wPdate,jdbcType=DATE},
        grade = #{record.grade,jdbcType=CHAR},
        publish_organ_ID = #{record.publishOrganId,jdbcType=INTEGER},
        W_content = #{record.wContent,jdbcType=LONGVARCHAR}
        <if test="_parameter != null">
            <include refid="Update_By_Example_Where_Clause"/>
        </if>
    </update>
    <update id="updateByExample" parameterType="map">
        update Waring_info
        set Waring_ID = #{record.waringId,jdbcType=BIGINT},
        W_title = #{record.wTitle,jdbcType=VARCHAR},
        W_pdate = #{record.wPdate,jdbcType=DATE},
        grade = #{record.grade,jdbcType=CHAR},
        publish_organ_ID = #{record.publishOrganId,jdbcType=INTEGER}
        <if test="_parameter != null">
            <include refid="Update_By_Example_Where_Clause"/>
        </if>
    </update>
    <update id="updateByPrimaryKeySelective" parameterType="springmvc.entity.WaringInfo">
        update Waring_info
        <set>
            <if test="wTitle != null">
                W_title = #{wTitle,jdbcType=VARCHAR},
            </if>
            <if test="wPdate != null">
                W_pdate = #{wPdate,jdbcType=DATE},
            </if>
            <if test="grade != null">
                grade = #{grade,jdbcType=CHAR},
            </if>
            <if test="publishOrganId != null">
                publish_organ_ID = #{publishOrganId,jdbcType=INTEGER},
            </if>
            <if test="wContent != null">
                W_content = #{wContent,jdbcType=LONGVARCHAR},
            </if>
        </set>
        where Waring_ID = #{waringId,jdbcType=BIGINT}
    </update>
    <update id="updateByPrimaryKeyWithBLOBs" parameterType="springmvc.entity.WaringInfo">
    update Waring_info
    set W_title = #{wTitle,jdbcType=VARCHAR},
      W_pdate = #{wPdate,jdbcType=DATE},
      grade = #{grade,jdbcType=CHAR},
      publish_organ_ID = #{publishOrganId,jdbcType=INTEGER},
      W_content = #{wContent,jdbcType=LONGVARCHAR}
    where Waring_ID = #{waringId,jdbcType=BIGINT}
  </update>
    <update id="updateByPrimaryKey" parameterType="springmvc.entity.WaringInfo">
    update Waring_info
    set W_title = #{wTitle,jdbcType=VARCHAR},
      W_pdate = #{wPdate,jdbcType=DATE},
      grade = #{grade,jdbcType=CHAR},
      publish_organ_ID = #{publishOrganId,jdbcType=INTEGER}
    where Waring_ID = #{waringId,jdbcType=BIGINT}
  </update>

    <select id="selectByPage" resultMap="ResultMapWithBLOBs">
    select * from waring_info limit #{start},#{end }
    </select>
    <select id="countAllWaring" resultType="java.lang.Integer">
    select count(*) from waring_info
    </select>
    <delete id="deleteSelectedWaringInfo" parameterType="java.util.ArrayList">
        delete from waring_info where waring_id in
        <foreach item="item" collection="collection" index="index" open="(" separator="," close=")">
            #{item}
        </foreach>
    </delete>
    <select id="countWaringByConditions" resultType="java.lang.Integer">
        select count(*) from waring_info
        <if test="wTitle_search != null or  publish_organ_search != null  or  grade_search != null or  pDate_search != null">
            where
            <if test="wTitle_search != null">
                w_title like concat('%',#{wTitle_search},'%')
                <if test="publish_organ_search != null or  grade_search != null or  pDate_search != null">
                    and
                </if>
            </if>
            <if test="publish_organ_search != null">
                publish_organ_ID like concat('%',#{publish_organ_search},'%')
                <if test=" grade_search != null or  pDate_search != null">
                    and
                </if>
            </if>
            <if test="grade_search != null">
                grade = #{grade_search}
                <if test=" pDate_search != null">
                    and
                </if>
            </if>
            <if test="pDate_search != null">
                W_pdate = #{pDate_search}
            </if>
        </if>
    </select>
    <select id="selectByConditions" resultMap="ResultMapWithBLOBs">
        select * from waring_info
        <if test="wTitle_search != null or  publish_organ_search != null  or  grade_search != null or  pDate_search != null">
            where
            <if test="wTitle_search != null">
                w_title like concat('%',#{wTitle_search},'%')
                <if test="publish_organ_search != null or  grade_search != null or  pDate_search != null">
                    and
                </if>
            </if>
            <if test="publish_organ_search != null">
                publish_organ_ID like concat('%',#{publish_organ_search},'%')
                <if test="grade_search != null or  pDate_search != null">
                    and
                </if>
            </if>
            <if test="grade_search != null">
                grade = #{grade_search}
                <if test=" pDate_search != null">
                    and
                </if>
            </if>
            <if test="pDate_search != null">
                W_pdate = #{pDate_search}
            </if>
        </if>
        limit #{start},#{end }
    </select>
    <select id="selectByPoliceId" resultMap="ResultMapWithBLOBs" parameterType="hashmap">
        select * from waring_info where publish_organ_ID in
        <foreach item="item" collection="collection" index="index" open="(" separator="," close=")">
            #{item}
        </foreach>
        limit #{start},#{end }
    </select>
    <select id="selectByPoliceIdAndConditions" resultMap="ResultMapWithBLOBs" parameterType="hashmap">
        select * from waring_info where
        publish_organ_ID in
        <foreach item="item" collection="collection" index="index" open="(" separator="," close=")">
            #{item}
        </foreach>
        <if test="time !=null">
            and W_pdate = #{time }
        </if>
        limit #{start},#{end }
    </select>
    <select id="countByPoliceId" resultType="java.lang.Integer" parameterType="java.util.ArrayList">
        select count(*) from waring_info where publish_organ_ID in
        <foreach item="item" collection="collection" index="index" open="(" separator="," close=")">
            #{item}
        </foreach>
    </select>
    <select id="countByPoliceIdAndConditions" resultType="java.lang.Integer" parameterType="hashmap">
        select count(*) from waring_info where publish_organ_ID in
        <foreach item="item" collection="collection" index="index" open="(" separator="," close=")">
            #{item}
        </foreach>
        <if test="time !=null">
            and W_pdate= #{time }
        </if>
    </select>
    <select id="selectWaringIdByTitle" resultType="java.lang.String">
        select Waring_ID from waring_info
        <if test="title !=null">
            where
            W_title =#{title}
        </if>
    </select>
</mapper>