<?xml version="1.0" encoding="UTF-8" ?>
<!DOCTYPE mapper PUBLIC "-//mybatis.org//DTD Mapper 3.0//EN" "http://mybatis.org/dtd/mybatis-3-mapper.dtd" >
<mapper namespace="springmvc.dao.WaringInfoSourceMapper" >
  <resultMap id="BaseResultMap" type="springmvc.entity.WaringInfoSource" >
    <id column="waring_source_id" property="waringSourceId" jdbcType="BIGINT" />
    <result column="W_title" property="wTitle" jdbcType="VARCHAR" />
    <result column="grade" property="grade" jdbcType="CHAR" />
    <result column="source" property="source" jdbcType="VARCHAR" />
  </resultMap>
  <resultMap id="ResultMapWithBLOBs" type="springmvc.entity.WaringInfoSource" extends="BaseResultMap" >
    <result column="W_content" property="wContent" jdbcType="LONGVARCHAR" />
  </resultMap>
  <sql id="Example_Where_Clause" >
    <where >
      <foreach collection="oredCriteria" item="criteria" separator="or" >
        <if test="criteria.valid" >
          <trim prefix="(" suffix=")" prefixOverrides="and" >
            <foreach collection="criteria.criteria" item="criterion" >
              <choose >
                <when test="criterion.noValue" >
                  and ${criterion.condition}
                </when>
                <when test="criterion.singleValue" >
                  and ${criterion.condition} #{criterion.value}
                </when>
                <when test="criterion.betweenValue" >
                  and ${criterion.condition} #{criterion.value} and #{criterion.secondValue}
                </when>
                <when test="criterion.listValue" >
                  and ${criterion.condition}
                  <foreach collection="criterion.value" item="listItem" open="(" close=")" separator="," >
                    #{listItem}
                  </foreach>
                </when>
              </choose>
            </foreach>
          </trim>
        </if>
      </foreach>
    </where>
  </sql>
  <sql id="Update_By_Example_Where_Clause" >
    <where >
      <foreach collection="example.oredCriteria" item="criteria" separator="or" >
        <if test="criteria.valid" >
          <trim prefix="(" suffix=")" prefixOverrides="and" >
            <foreach collection="criteria.criteria" item="criterion" >
              <choose >
                <when test="criterion.noValue" >
                  and ${criterion.condition}
                </when>
                <when test="criterion.singleValue" >
                  and ${criterion.condition} #{criterion.value}
                </when>
                <when test="criterion.betweenValue" >
                  and ${criterion.condition} #{criterion.value} and #{criterion.secondValue}
                </when>
                <when test="criterion.listValue" >
                  and ${criterion.condition}
                  <foreach collection="criterion.value" item="listItem" open="(" close=")" separator="," >
                    #{listItem}
                  </foreach>
                </when>
              </choose>
            </foreach>
          </trim>
        </if>
      </foreach>
    </where>
  </sql>
  <sql id="Base_Column_List" >
    waring_source_id, W_title, grade, source
  </sql>
  <sql id="Blob_Column_List" >
    W_content
  </sql>
  <select id="selectByExampleWithBLOBs" resultMap="ResultMapWithBLOBs" parameterType="springmvc.entity.WaringInfoSourceExample" >
    select
    <if test="distinct" >
      distinct
    </if>
    <include refid="Base_Column_List" />
    ,
    <include refid="Blob_Column_List" />
    from waring_info_source
    <if test="_parameter != null" >
      <include refid="Example_Where_Clause" />
    </if>
    <if test="orderByClause != null" >
      order by ${orderByClause}
    </if>
  </select>
  <select id="selectByExample" resultMap="BaseResultMap" parameterType="springmvc.entity.WaringInfoSourceExample" >
    select
    <if test="distinct" >
      distinct
    </if>
    <include refid="Base_Column_List" />
    from waring_info_source
    <if test="_parameter != null" >
      <include refid="Example_Where_Clause" />
    </if>
    <if test="orderByClause != null" >
      order by ${orderByClause}
    </if>
  </select>
  <select id="selectByPrimaryKey" resultMap="ResultMapWithBLOBs" parameterType="java.lang.Long" >
    select 
    <include refid="Base_Column_List" />
    ,
    <include refid="Blob_Column_List" />
    from waring_info_source
    where waring_source_id = #{waringSourceId,jdbcType=BIGINT}
  </select>
  <delete id="deleteByPrimaryKey" parameterType="java.lang.Long" >
    delete from waring_info_source
    where waring_source_id = #{waringSourceId,jdbcType=BIGINT}
  </delete>
  <delete id="deleteByExample" parameterType="springmvc.entity.WaringInfoSourceExample" >
    delete from waring_info_source
    <if test="_parameter != null" >
      <include refid="Example_Where_Clause" />
    </if>
  </delete>
  <insert id="insert" parameterType="springmvc.entity.WaringInfoSource" >
    insert into waring_info_source (waring_source_id, W_title, grade, 
      source, W_content)
    values (#{waringSourceId,jdbcType=BIGINT}, #{wTitle,jdbcType=VARCHAR}, #{grade,jdbcType=CHAR}, 
      #{source,jdbcType=VARCHAR}, #{wContent,jdbcType=LONGVARCHAR})
  </insert>
  <insert id="insertSelective" parameterType="springmvc.entity.WaringInfoSource" >
    insert into waring_info_source
    <trim prefix="(" suffix=")" suffixOverrides="," >
      <if test="waringSourceId != null" >
        waring_source_id,
      </if>
      <if test="wTitle != null" >
        W_title,
      </if>
      <if test="grade != null" >
        grade,
      </if>
      <if test="source != null" >
        source,
      </if>
      <if test="wContent != null" >
        W_content,
      </if>
    </trim>
    <trim prefix="values (" suffix=")" suffixOverrides="," >
      <if test="waringSourceId != null" >
        #{waringSourceId,jdbcType=BIGINT},
      </if>
      <if test="wTitle != null" >
        #{wTitle,jdbcType=VARCHAR},
      </if>
      <if test="grade != null" >
        #{grade,jdbcType=CHAR},
      </if>
      <if test="source != null" >
        #{source,jdbcType=VARCHAR},
      </if>
      <if test="wContent != null" >
        #{wContent,jdbcType=LONGVARCHAR},
      </if>
    </trim>
  </insert>
  <select id="countByExample" parameterType="springmvc.entity.WaringInfoSourceExample" resultType="java.lang.Integer" >
    select count(*) from waring_info_source
    <if test="_parameter != null" >
      <include refid="Example_Where_Clause" />
    </if>
  </select>
  <update id="updateByExampleSelective" parameterType="map" >
    update waring_info_source
    <set >
      <if test="record.waringSourceId != null" >
        waring_source_id = #{record.waringSourceId,jdbcType=BIGINT},
      </if>
      <if test="record.wTitle != null" >
        W_title = #{record.wTitle,jdbcType=VARCHAR},
      </if>
      <if test="record.grade != null" >
        grade = #{record.grade,jdbcType=CHAR},
      </if>
      <if test="record.source != null" >
        source = #{record.source,jdbcType=VARCHAR},
      </if>
      <if test="record.wContent != null" >
        W_content = #{record.wContent,jdbcType=LONGVARCHAR},
      </if>
    </set>
    <if test="_parameter != null" >
      <include refid="Update_By_Example_Where_Clause" />
    </if>
  </update>
  <update id="updateByExampleWithBLOBs" parameterType="map" >
    update waring_info_source
    set waring_source_id = #{record.waringSourceId,jdbcType=BIGINT},
      W_title = #{record.wTitle,jdbcType=VARCHAR},
      grade = #{record.grade,jdbcType=CHAR},
      source = #{record.source,jdbcType=VARCHAR},
      W_content = #{record.wContent,jdbcType=LONGVARCHAR}
    <if test="_parameter != null" >
      <include refid="Update_By_Example_Where_Clause" />
    </if>
  </update>
  <update id="updateByExample" parameterType="map" >
    update waring_info_source
    set waring_source_id = #{record.waringSourceId,jdbcType=BIGINT},
      W_title = #{record.wTitle,jdbcType=VARCHAR},
      grade = #{record.grade,jdbcType=CHAR},
      source = #{record.source,jdbcType=VARCHAR}
    <if test="_parameter != null" >
      <include refid="Update_By_Example_Where_Clause" />
    </if>
  </update>
  <update id="updateByPrimaryKeySelective" parameterType="springmvc.entity.WaringInfoSource" >
    update waring_info_source
    <set >
      <if test="wTitle != null" >
        W_title = #{wTitle,jdbcType=VARCHAR},
      </if>
      <if test="grade != null" >
        grade = #{grade,jdbcType=CHAR},
      </if>
      <if test="source != null" >
        source = #{source,jdbcType=VARCHAR},
      </if>
      <if test="wContent != null" >
        W_content = #{wContent,jdbcType=LONGVARCHAR},
      </if>
    </set>
    where waring_source_id = #{waringSourceId,jdbcType=BIGINT}
  </update>
  <update id="updateByPrimaryKeyWithBLOBs" parameterType="springmvc.entity.WaringInfoSource" >
    update waring_info_source
    set W_title = #{wTitle,jdbcType=VARCHAR},
      grade = #{grade,jdbcType=CHAR},
      source = #{source,jdbcType=VARCHAR},
      W_content = #{wContent,jdbcType=LONGVARCHAR}
    where waring_source_id = #{waringSourceId,jdbcType=BIGINT}
  </update>
  <update id="updateByPrimaryKey" parameterType="springmvc.entity.WaringInfoSource" >
    update waring_info_source
    set W_title = #{wTitle,jdbcType=VARCHAR},
      grade = #{grade,jdbcType=CHAR},
      source = #{source,jdbcType=VARCHAR}
    where waring_source_id = #{waringSourceId,jdbcType=BIGINT}
  </update>
</mapper>